Pair	P.value
Ctl:Sp_vs_Mix	1.39254174950944e-05
Exp:Sp_vs_Mix	4.2927607124224e-06
Ctl:Sp_vs_Single	0.155660690978097
Exp:Sp_vs_Single	0.0816367760505599
Sp:Ctl_vs_Exp	0.0100445388505693
