"","Treat","Mean","Sd","Sem","N","Variable","pval","Stars","variable"
"value","CK
n=5",2197.0995004,105.642082559607,47.2445755775853,5,"value","","","Total CHCs"
"value1","Elav
n=5",2934.7895286,329.09180263026,147.174328303841,5,"value","0.000159363619224973","***","Total CHCs"
"value2","VDRC
n=5",212.21002758,38.1572659859447,17.0644481160226,5,"value","4.69244454404105e-09","****","Total CHCs"
"value3","CK
n=5",486.47088776,49.5826097232103,22.1740171685881,5,"value","","","X7 T"
"value11","Elav
n=5",801.54863988,83.3277945711244,37.2653226152344,5,"value","2.40657789374321e-06","****","X7 T"
"value21","VDRC
n=5",14.0753024,2.51440398249831,1.12447564555248,5,"value","2.85975390035276e-08","****","X7 T"
"value4","CK
n=5",484.32723422,32.7837527112879,14.6613399239966,5,"value","","","n C23"
"value12","Elav
n=5",430.27196318,40.1865857867292,17.9719875205507,5,"value","0.0278320866612708","*","n C23"
"value22","VDRC
n=5",62.004961566,7.25359867476083,3.24390794365352,5,"value","8.47280023918984e-11","****","n C23"
