"","Treat","Mean","Sd","Sem","N","Variable","pval","Stars","variable"
"value","CK
n=4",3793.732766,125.803294639734,62.9016473198669,4,"value","","","Total CHCs"
"value1","VDRC
n=5",2290.6201974,309.98318967721,138.628696800091,5,"value","0.0214664038503336","*","Total CHCs"
"value2","DSX
n=4",3063.71499925,483.399321070839,241.699660535419,4,"value","0.00010648269407465","***","Total CHCs"
"value3","CK
n=4",644.383389475,66.6743282695572,33.3371641347786,4,"value","","","X7 11.HD"
"value11","VDRC
n=5",385.24431788,49.2563155402252,22.0280939738246,5,"value","0.015944187772557","*","X7 11.HD"
"value21","DSX
n=4",495.347744975,79.8754309303121,39.9377154651561,4,"value","0.000265689468753272","***","X7 11.HD"
"value4","CK
n=4",30.923409635,7.66091274292355,3.83045637146177,4,"value","","","X7 T"
"value12","VDRC
n=5",9.3561461818,2.33888058186932,1.04597919446281,5,"value","6.02186475273658e-06","****","X7 T"
"value22","DSX
n=4",266.906299625,65.2458039227535,32.6229019613768,4,"value","0.587588935722989","","X7 T"
